{
    "format_version": "1.9.0",
    "credit": "Made with Blockbench",
    "texture_size": [
        32,
        32
    ],
    "textures": {
        "0": "item/totem_of_undying/totem_of_undying",
        "particle": "item/totem_of_undying/totem_of_undying"
    },
    "elements": [
        {
            "from": [
                4,
                3,
                9
            ],
            "to": [
                5,
                5,
                11
            ],
            "rotation": {
                "angle": 0,
                "axis": "y",
                "origin": [
                    4,
                    3,
                    9
                ]
            },
            "faces": {
                "north": {
                    "uv": [
                        3,
                        7.5,
                        3.5,
                        8.5
                    ],
                    "texture": "#0"
                },
                "east": {
                    "uv": [
                        3.5,
                        6,
                        4.5,
                        7
                    ],
                    "texture": "#0"
                },
                "south": {
                    "uv": [
                        7.5,
                        5,
                        8,
                        6
                    ],
                    "texture": "#0"
                },
                "west": {
                    "uv": [
                        4.5,
                        6,
                        5.5,
                        7
                    ],
                    "texture": "#0"
                },
                "up": {
                    "uv": [
                        8,
                        7,
                        7.5,
                        6
                    ],
                    "texture": "#0"
                },
                "down": {
                    "uv": [
                        7,
                        7.5,
                        6.5,
                        8.5
                    ],
                    "texture": "#0"
                }
            }
        },
        {
            "from": [
                5,
                7,
                8
            ],
            "to": [
                7,
                8.5,
                10
            ],
            "rotation": {
                "angle": 0,
                "axis": "y",
                "origin": [
                    5,
                    7,
                    8
                ]
            },
            "faces": {
                "north": {
                    "uv": [
                        7,
                        4,
                        8,
                        4.75
                    ],
                    "texture": "#0"
                },
                "east": {
                    "uv": [
                        4.5,
                        7,
                        5.5,
                        7.75
                    ],
                    "texture": "#0"
                },
                "south": {
                    "uv": [
                        5.5,
                        7,
                        6.5,
                        7.75
                    ],
                    "texture": "#0"
                },
                "west": {
                    "uv": [
                        0,
                        7.5,
                        1,
                        8.25
                    ],
                    "texture": "#0"
                },
                "up": {
                    "uv": [
                        7,
                        5.5,
                        6,
                        4.5
                    ],
                    "texture": "#0"
                },
                "down": {
                    "uv": [
                        6.5,
                        6,
                        5.5,
                        7
                    ],
                    "texture": "#0"
                }
            }
        },
        {
            "from": [
                4,
                3,
                11
            ],
            "to": [
                6,
                3,
                12
            ],
            "rotation": {
                "angle": 0,
                "axis": "y",
                "origin": [
                    4,
                    3,
                    10
                ]
            },
            "faces": {
                "north": {
                    "uv": [
                        0,
                        0,
                        1,
                        0
                    ],
                    "texture": "#0"
                },
                "east": {
                    "uv": [
                        0,
                        0,
                        0.5,
                        0
                    ],
                    "texture": "#0"
                },
                "south": {
                    "uv": [
                        0,
                        0,
                        1,
                        0
                    ],
                    "texture": "#0"
                },
                "west": {
                    "uv": [
                        0,
                        0,
                        0.5,
                        0
                    ],
                    "texture": "#0"
                },
                "up": {
                    "uv": [
                        8,
                        8,
                        7,
                        7.5
                    ],
                    "texture": "#0"
                },
                "down": {
                    "uv": [
                        8.5,
                        7,
                        7.5,
                        7.5
                    ],
                    "texture": "#0"
                }
            }
        },
        {
            "from": [
                6,
                3,
                11
            ],
            "to": [
                6.8,
                3,
                11.8
            ],
            "rotation": {
                "angle": 0,
                "axis": "y",
                "origin": [
                    5.9,
                    3,
                    10.9
                ]
            },
            "faces": {
                "north": {
                    "uv": [
                        0,
                        0,
                        0.375,
                        0
                    ],
                    "texture": "#0"
                },
                "east": {
                    "uv": [
                        0,
                        0,
                        0.375,
                        0
                    ],
                    "texture": "#0"
                },
                "south": {
                    "uv": [
                        0,
                        0,
                        0.375,
                        0
                    ],
                    "texture": "#0"
                },
                "west": {
                    "uv": [
                        0,
                        0,
                        0.375,
                        0
                    ],
                    "texture": "#0"
                },
                "up": {
                    "uv": [
                        8.875,
                        7.875,
                        8.5,
                        7.5
                    ],
                    "texture": "#0"
                },
                "down": {
                    "uv": [
                        8.375,
                        8.5,
                        8,
                        8.875
                    ],
                    "texture": "#0"
                }
            }
        },
        {
            "from": [
                3.4,
                3,
                11
            ],
            "to": [
                4,
                3,
                11.6
            ],
            "rotation": {
                "angle": 0,
                "axis": "y",
                "origin": [
                    2.2,
                    2.8,
                    10
                ]
            },
            "faces": {
                "north": {
                    "uv": [
                        0,
                        0,
                        0.25,
                        0
                    ],
                    "texture": "#0"
                },
                "east": {
                    "uv": [
                        0,
                        0,
                        0.25,
                        0
                    ],
                    "texture": "#0"
                },
                "south": {
                    "uv": [
                        0,
                        0,
                        0.25,
                        0
                    ],
                    "texture": "#0"
                },
                "west": {
                    "uv": [
                        0,
                        0,
                        0.25,
                        0
                    ],
                    "texture": "#0"
                },
                "up": {
                    "uv": [
                        9.25,
                        2.75,
                        9,
                        2.5
                    ],
                    "texture": "#0"
                },
                "down": {
                    "uv": [
                        9.25,
                        3,
                        9,
                        3.25
                    ],
                    "texture": "#0"
                }
            }
        },
        {
            "from": [
                6,
                3,
                10
            ],
            "to": [
                7,
                3,
                11
            ],
            "rotation": {
                "angle": 0,
                "axis": "y",
                "origin": [
                    6,
                    3,
                    9
                ]
            },
            "faces": {
                "north": {
                    "uv": [
                        0,
                        0,
                        0.5,
                        0
                    ],
                    "texture": "#0"
                },
                "east": {
                    "uv": [
                        0,
                        0,
                        0.5,
                        0
                    ],
                    "texture": "#0"
                },
                "south": {
                    "uv": [
                        0,
                        0,
                        0.5,
                        0
                    ],
                    "texture": "#0"
                },
                "west": {
                    "uv": [
                        0,
                        0,
                        0.5,
                        0
                    ],
                    "texture": "#0"
                },
                "up": {
                    "uv": [
                        6.5,
                        6,
                        6,
                        5.5
                    ],
                    "texture": "#0"
                },
                "down": {
                    "uv": [
                        2.5,
                        7,
                        2,
                        7.5
                    ],
                    "texture": "#0"
                }
            }
        },
        {
            "from": [
                3.1,
                3,
                10
            ],
            "to": [
                4,
                3,
                11
            ],
            "rotation": {
                "angle": 0,
                "axis": "y",
                "origin": [
                    2,
                    3,
                    9
                ]
            },
            "faces": {
                "north": {
                    "uv": [
                        0,
                        0,
                        0.5,
                        0
                    ],
                    "texture": "#0"
                },
                "east": {
                    "uv": [
                        0,
                        0,
                        0.5,
                        0
                    ],
                    "texture": "#0"
                },
                "south": {
                    "uv": [
                        0,
                        0,
                        0.5,
                        0
                    ],
                    "texture": "#0"
                },
                "west": {
                    "uv": [
                        0,
                        0,
                        0.5,
                        0
                    ],
                    "texture": "#0"
                },
                "up": {
                    "uv": [
                        7.5,
                        5.5,
                        7,
                        5
                    ],
                    "texture": "#0"
                },
                "down": {
                    "uv": [
                        9,
                        2.5,
                        8.5,
                        3
                    ],
                    "texture": "#0"
                }
            }
        },
        {
            "from": [
                8,
                3,
                10
            ],
            "to": [
                9,
                3,
                11
            ],
            "rotation": {
                "angle": 0,
                "axis": "y",
                "origin": [
                    7,
                    3,
                    10
                ]
            },
            "faces": {
                "north": {
                    "uv": [
                        0,
                        0,
                        0.5,
                        0
                    ],
                    "texture": "#0"
                },
                "east": {
                    "uv": [
                        0,
                        0,
                        0.5,
                        0
                    ],
                    "texture": "#0"
                },
                "south": {
                    "uv": [
                        0,
                        0,
                        0.5,
                        0
                    ],
                    "texture": "#0"
                },
                "west": {
                    "uv": [
                        0,
                        0,
                        0.5,
                        0
                    ],
                    "texture": "#0"
                },
                "up": {
                    "uv": [
                        9,
                        4,
                        8.5,
                        3.5
                    ],
                    "texture": "#0"
                },
                "down": {
                    "uv": [
                        4.5,
                        8.5,
                        4,
                        9
                    ],
                    "texture": "#0"
                }
            }
        },
        {
            "from": [
                11,
                3,
                7
            ],
            "to": [
                11.7,
                3,
                7.7
            ],
            "rotation": {
                "angle": 0,
                "axis": "y",
                "origin": [
                    11,
                    3,
                    7
                ]
            },
            "faces": {
                "north": {
                    "uv": [
                        0,
                        0,
                        0.375,
                        0
                    ],
                    "texture": "#0"
                },
                "east": {
                    "uv": [
                        0,
                        0,
                        0.375,
                        0
                    ],
                    "texture": "#0"
                },
                "south": {
                    "uv": [
                        0,
                        0,
                        0.375,
                        0
                    ],
                    "texture": "#0"
                },
                "west": {
                    "uv": [
                        0,
                        0,
                        0.375,
                        0
                    ],
                    "texture": "#0"
                },
                "up": {
                    "uv": [
                        8.875,
                        8.375,
                        8.5,
                        8
                    ],
                    "texture": "#0"
                },
                "down": {
                    "uv": [
                        8.875,
                        8.5,
                        8.5,
                        8.875
                    ],
                    "texture": "#0"
                }
            }
        },
        {
            "from": [
                9,
                3,
                4
            ],
            "to": [
                11,
                5,
                7
            ],
            "rotation": {
                "angle": 0,
                "axis": "y",
                "origin": [
                    9,
                    3,
                    4
                ]
            },
            "faces": {
                "north": {
                    "uv": [
                        6.5,
                        0,
                        7.5,
                        1
                    ],
                    "texture": "#0"
                },
                "east": {
                    "uv": [
                        5,
                        0,
                        6.5,
                        1
                    ],
                    "texture": "#0"
                },
                "south": {
                    "uv": [
                        6.5,
                        1,
                        7.5,
                        2
                    ],
                    "texture": "#0"
                },
                "west": {
                    "uv": [
                        5,
                        1,
                        6.5,
                        2
                    ],
                    "texture": "#0"
                },
                "up": {
                    "uv": [
                        6,
                        6,
                        5,
                        4.5
                    ],
                    "texture": "#0"
                },
                "down": {
                    "uv": [
                        1,
                        6,
                        0,
                        7.5
                    ],
                    "texture": "#0"
                }
            }
        },
        {
            "from": [
                11,
                3,
                10
            ],
            "to": [
                12,
                3,
                11
            ],
            "rotation": {
                "angle": 0,
                "axis": "y",
                "origin": [
                    11,
                    3,
                    10
                ]
            },
            "faces": {
                "north": {
                    "uv": [
                        0,
                        0,
                        0.5,
                        0
                    ],
                    "texture": "#0"
                },
                "east": {
                    "uv": [
                        0,
                        0,
                        0.5,
                        0
                    ],
                    "texture": "#0"
                },
                "south": {
                    "uv": [
                        0,
                        0,
                        0.5,
                        0
                    ],
                    "texture": "#0"
                },
                "west": {
                    "uv": [
                        0,
                        0,
                        0.5,
                        0
                    ],
                    "texture": "#0"
                },
                "up": {
                    "uv": [
                        9,
                        4.5,
                        8.5,
                        4
                    ],
                    "texture": "#0"
                },
                "down": {
                    "uv": [
                        5,
                        8.5,
                        4.5,
                        9
                    ],
                    "texture": "#0"
                }
            }
        },
        {
            "from": [
                8,
                7,
                8
            ],
            "to": [
                10,
                8.5,
                10
            ],
            "rotation": {
                "angle": 0,
                "axis": "y",
                "origin": [
                    8,
                    7,
                    8
                ]
            },
            "faces": {
                "north": {
                    "uv": [
                        7.5,
                        0,
                        8.5,
                        0.75
                    ],
                    "texture": "#0"
                },
                "east": {
                    "uv": [
                        7.5,
                        1,
                        8.5,
                        1.75
                    ],
                    "texture": "#0"
                },
                "south": {
                    "uv": [
                        2,
                        7.5,
                        3,
                        8.25
                    ],
                    "texture": "#0"
                },
                "west": {
                    "uv": [
                        7.5,
                        2,
                        8.5,
                        2.75
                    ],
                    "texture": "#0"
                },
                "up": {
                    "uv": [
                        7.5,
                        3,
                        6.5,
                        2
                    ],
                    "texture": "#0"
                },
                "down": {
                    "uv": [
                        7.5,
                        5.5,
                        6.5,
                        6.5
                    ],
                    "texture": "#0"
                }
            }
        },
        {
            "from": [
                11,
                3,
                11
            ],
            "to": [
                11.6,
                3,
                11.7
            ],
            "rotation": {
                "angle": 0,
                "axis": "y",
                "origin": [
                    11,
                    3,
                    11
                ]
            },
            "faces": {
                "north": {
                    "uv": [
                        0,
                        0,
                        0.25,
                        0
                    ],
                    "texture": "#0"
                },
                "east": {
                    "uv": [
                        0,
                        0,
                        0.375,
                        0
                    ],
                    "texture": "#0"
                },
                "south": {
                    "uv": [
                        0,
                        0,
                        0.25,
                        0
                    ],
                    "texture": "#0"
                },
                "west": {
                    "uv": [
                        0,
                        0,
                        0.375,
                        0
                    ],
                    "texture": "#0"
                },
                "up": {
                    "uv": [
                        9.25,
                        1.875,
                        9,
                        1.5
                    ],
                    "texture": "#0"
                },
                "down": {
                    "uv": [
                        9.25,
                        2,
                        9,
                        2.375
                    ],
                    "texture": "#0"
                }
            }
        },
        {
            "from": [
                9,
                3,
                11
            ],
            "to": [
                11,
                3,
                12
            ],
            "rotation": {
                "angle": 0,
                "axis": "y",
                "origin": [
                    9,
                    3,
                    11
                ]
            },
            "faces": {
                "north": {
                    "uv": [
                        0,
                        0,
                        1,
                        0
                    ],
                    "texture": "#0"
                },
                "east": {
                    "uv": [
                        0,
                        0,
                        0.5,
                        0
                    ],
                    "texture": "#0"
                },
                "south": {
                    "uv": [
                        0,
                        0,
                        1,
                        0
                    ],
                    "texture": "#0"
                },
                "west": {
                    "uv": [
                        0,
                        0,
                        0.5,
                        0
                    ],
                    "texture": "#0"
                },
                "up": {
                    "uv": [
                        2,
                        8.5,
                        1,
                        8
                    ],
                    "texture": "#0"
                },
                "down": {
                    "uv": [
                        9,
                        3,
                        8,
                        3.5
                    ],
                    "texture": "#0"
                }
            }
        },
        {
            "from": [
                3,
                3,
                5
            ],
            "to": [
                4,
                3,
                7
            ],
            "rotation": {
                "angle": 0,
                "axis": "y",
                "origin": [
                    3,
                    3,
                    6
                ]
            },
            "faces": {
                "north": {
                    "uv": [
                        0,
                        0,
                        0.5,
                        0
                    ],
                    "texture": "#0"
                },
                "east": {
                    "uv": [
                        0,
                        0,
                        1,
                        0
                    ],
                    "texture": "#0"
                },
                "south": {
                    "uv": [
                        0,
                        0,
                        0.5,
                        0
                    ],
                    "texture": "#0"
                },
                "west": {
                    "uv": [
                        0,
                        0,
                        1,
                        0
                    ],
                    "texture": "#0"
                },
                "up": {
                    "uv": [
                        4,
                        9,
                        3.5,
                        8
                    ],
                    "texture": "#0"
                },
                "down": {
                    "uv": [
                        8.5,
                        3.5,
                        8,
                        4.5
                    ],
                    "texture": "#0"
                }
            }
        },
        {
            "from": [
                5,
                3,
                9
            ],
            "to": [
                6,
                4,
                11
            ],
            "rotation": {
                "angle": 0,
                "axis": "y",
                "origin": [
                    4,
                    3,
                    9
                ]
            },
            "faces": {
                "north": {
                    "uv": [
                        8.5,
                        5,
                        9,
                        5.5
                    ],
                    "texture": "#0"
                },
                "east": {
                    "uv": [
                        4,
                        8,
                        5,
                        8.5
                    ],
                    "texture": "#0"
                },
                "south": {
                    "uv": [
                        5.5,
                        8.5,
                        6,
                        9
                    ],
                    "texture": "#0"
                },
                "west": {
                    "uv": [
                        8,
                        4.5,
                        9,
                        5
                    ],
                    "texture": "#0"
                },
                "up": {
                    "uv": [
                        5.5,
                        9,
                        5,
                        8
                    ],
                    "texture": "#0"
                },
                "down": {
                    "uv": [
                        8.5,
                        5,
                        8,
                        6
                    ],
                    "texture": "#0"
                }
            }
        },
        {
            "from": [
                6,
                3,
                6
            ],
            "to": [
                7,
                3,
                7
            ],
            "rotation": {
                "angle": 0,
                "axis": "y",
                "origin": [
                    6,
                    3,
                    6
                ]
            },
            "faces": {
                "north": {
                    "uv": [
                        0,
                        0,
                        0.5,
                        0
                    ],
                    "texture": "#0"
                },
                "east": {
                    "uv": [
                        0,
                        0,
                        0.5,
                        0
                    ],
                    "texture": "#0"
                },
                "south": {
                    "uv": [
                        0,
                        0,
                        0.5,
                        0
                    ],
                    "texture": "#0"
                },
                "west": {
                    "uv": [
                        0,
                        0,
                        0.5,
                        0
                    ],
                    "texture": "#0"
                },
                "up": {
                    "uv": [
                        9,
                        6,
                        8.5,
                        5.5
                    ],
                    "texture": "#0"
                },
                "down": {
                    "uv": [
                        6.5,
                        8.5,
                        6,
                        9
                    ],
                    "texture": "#0"
                }
            }
        },
        {
            "from": [
                6,
                3,
                7
            ],
            "to": [
                6.5,
                3,
                7.6
            ],
            "rotation": {
                "angle": 0,
                "axis": "y",
                "origin": [
                    5,
                    3,
                    7
                ]
            },
            "faces": {
                "north": {
                    "uv": [
                        0,
                        0,
                        0.25,
                        0
                    ],
                    "texture": "#0"
                },
                "east": {
                    "uv": [
                        0,
                        0,
                        0.25,
                        0
                    ],
                    "texture": "#0"
                },
                "south": {
                    "uv": [
                        0,
                        0,
                        0.25,
                        0
                    ],
                    "texture": "#0"
                },
                "west": {
                    "uv": [
                        0,
                        0,
                        0.25,
                        0
                    ],
                    "texture": "#0"
                },
                "up": {
                    "uv": [
                        3.75,
                        9.25,
                        3.5,
                        9
                    ],
                    "texture": "#0"
                },
                "down": {
                    "uv": [
                        9.25,
                        3.5,
                        9,
                        3.75
                    ],
                    "texture": "#0"
                }
            }
        },
        {
            "from": [
                3.3,
                3,
                7
            ],
            "to": [
                4,
                3,
                7.7
            ],
            "rotation": {
                "angle": 0,
                "axis": "y",
                "origin": [
                    2,
                    3,
                    7
                ]
            },
            "faces": {
                "north": {
                    "uv": [
                        0,
                        0,
                        0.375,
                        0
                    ],
                    "texture": "#0"
                },
                "east": {
                    "uv": [
                        0,
                        0,
                        0.375,
                        0
                    ],
                    "texture": "#0"
                },
                "south": {
                    "uv": [
                        0,
                        0,
                        0.375,
                        0
                    ],
                    "texture": "#0"
                },
                "west": {
                    "uv": [
                        0,
                        0,
                        0.375,
                        0
                    ],
                    "texture": "#0"
                },
                "up": {
                    "uv": [
                        0.875,
                        9.375,
                        0.5,
                        9
                    ],
                    "texture": "#0"
                },
                "down": {
                    "uv": [
                        9.375,
                        0.5,
                        9,
                        0.875
                    ],
                    "texture": "#0"
                }
            }
        },
        {
            "from": [
                4,
                3,
                7
            ],
            "to": [
                6,
                3,
                8
            ],
            "rotation": {
                "angle": 0,
                "axis": "y",
                "origin": [
                    4,
                    3,
                    6
                ]
            },
            "faces": {
                "north": {
                    "uv": [
                        0,
                        0,
                        1,
                        0
                    ],
                    "texture": "#0"
                },
                "east": {
                    "uv": [
                        0,
                        0,
                        0.5,
                        0
                    ],
                    "texture": "#0"
                },
                "south": {
                    "uv": [
                        0,
                        0,
                        1,
                        0
                    ],
                    "texture": "#0"
                },
                "west": {
                    "uv": [
                        0,
                        0,
                        0.5,
                        0
                    ],
                    "texture": "#0"
                },
                "up": {
                    "uv": [
                        6.5,
                        8.5,
                        5.5,
                        8
                    ],
                    "texture": "#0"
                },
                "down": {
                    "uv": [
                        9,
                        6,
                        8,
                        6.5
                    ],
                    "texture": "#0"
                }
            }
        },
        {
            "from": [
                9,
                3,
                9
            ],
            "to": [
                10,
                4,
                11
            ],
            "rotation": {
                "angle": 0,
                "axis": "y",
                "origin": [
                    8,
                    3,
                    9
                ]
            },
            "faces": {
                "north": {
                    "uv": [
                        6.5,
                        8.5,
                        7,
                        9
                    ],
                    "texture": "#0"
                },
                "east": {
                    "uv": [
                        8,
                        6.5,
                        9,
                        7
                    ],
                    "texture": "#0"
                },
                "south": {
                    "uv": [
                        7,
                        8.5,
                        7.5,
                        9
                    ],
                    "texture": "#0"
                },
                "west": {
                    "uv": [
                        7,
                        8,
                        8,
                        8.5
                    ],
                    "texture": "#0"
                },
                "up": {
                    "uv": [
                        8.5,
                        8.5,
                        8,
                        7.5
                    ],
                    "texture": "#0"
                },
                "down": {
                    "uv": [
                        0.5,
                        8.5,
                        0,
                        9.5
                    ],
                    "texture": "#0"
                }
            }
        },
        {
            "from": [
                9,
                3,
                7
            ],
            "to": [
                11,
                3,
                8
            ],
            "rotation": {
                "angle": 0,
                "axis": "y",
                "origin": [
                    9,
                    3,
                    6
                ]
            },
            "faces": {
                "north": {
                    "uv": [
                        0,
                        0,
                        1,
                        0
                    ],
                    "texture": "#0"
                },
                "east": {
                    "uv": [
                        0,
                        0,
                        0.5,
                        0
                    ],
                    "texture": "#0"
                },
                "south": {
                    "uv": [
                        0,
                        0,
                        1,
                        0
                    ],
                    "texture": "#0"
                },
                "west": {
                    "uv": [
                        0,
                        0,
                        0.5,
                        0
                    ],
                    "texture": "#0"
                },
                "up": {
                    "uv": [
                        9.5,
                        0.5,
                        8.5,
                        0
                    ],
                    "texture": "#0"
                },
                "down": {
                    "uv": [
                        1.5,
                        8.5,
                        0.5,
                        9
                    ],
                    "texture": "#0"
                }
            }
        },
        {
            "from": [
                8.3,
                3,
                11
            ],
            "to": [
                9,
                3,
                11.7
            ],
            "rotation": {
                "angle": 0,
                "axis": "y",
                "origin": [
                    8.15,
                    3,
                    10.85
                ]
            },
            "faces": {
                "north": {
                    "uv": [
                        0,
                        0,
                        0.375,
                        0
                    ],
                    "texture": "#0"
                },
                "east": {
                    "uv": [
                        0,
                        0,
                        0.375,
                        0
                    ],
                    "texture": "#0"
                },
                "south": {
                    "uv": [
                        0,
                        0,
                        0.375,
                        0
                    ],
                    "texture": "#0"
                },
                "west": {
                    "uv": [
                        0,
                        0,
                        0.375,
                        0
                    ],
                    "texture": "#0"
                },
                "up": {
                    "uv": [
                        1.375,
                        9.375,
                        1,
                        9
                    ],
                    "texture": "#0"
                },
                "down": {
                    "uv": [
                        9.375,
                        1,
                        9,
                        1.375
                    ],
                    "texture": "#0"
                }
            }
        },
        {
            "from": [
                8.5,
                3,
                7
            ],
            "to": [
                9,
                3,
                7.6
            ],
            "rotation": {
                "angle": 0,
                "axis": "y",
                "origin": [
                    8,
                    3,
                    7
                ]
            },
            "faces": {
                "north": {
                    "uv": [
                        0,
                        0,
                        0.25,
                        0
                    ],
                    "texture": "#0"
                },
                "east": {
                    "uv": [
                        0,
                        0,
                        0.25,
                        0
                    ],
                    "texture": "#0"
                },
                "south": {
                    "uv": [
                        0,
                        0,
                        0.25,
                        0
                    ],
                    "texture": "#0"
                },
                "west": {
                    "uv": [
                        0,
                        0,
                        0.25,
                        0
                    ],
                    "texture": "#0"
                },
                "up": {
                    "uv": [
                        4.25,
                        9.25,
                        4,
                        9
                    ],
                    "texture": "#0"
                },
                "down": {
                    "uv": [
                        9.25,
                        4,
                        9,
                        4.25
                    ],
                    "texture": "#0"
                }
            }
        },
        {
            "from": [
                5,
                4,
                5
            ],
            "to": [
                10,
                7,
                11
            ],
            "rotation": {
                "angle": 0,
                "axis": "y",
                "origin": [
                    5,
                    4,
                    7
                ]
            },
            "faces": {
                "north": {
                    "uv": [
                        0,
                        4.5,
                        2.5,
                        6
                    ],
                    "texture": "#0"
                },
                "east": {
                    "uv": [
                        0,
                        3,
                        3,
                        4.5
                    ],
                    "texture": "#0"
                },
                "south": {
                    "uv": [
                        2.5,
                        4.5,
                        5,
                        6
                    ],
                    "texture": "#0"
                },
                "west": {
                    "uv": [
                        3,
                        3,
                        6,
                        4.5
                    ],
                    "texture": "#0"
                },
                "up": {
                    "uv": [
                        2.5,
                        3,
                        0,
                        0
                    ],
                    "texture": "#0"
                },
                "down": {
                    "uv": [
                        5,
                        0,
                        2.5,
                        3
                    ],
                    "texture": "#0"
                }
            }
        },
        {
            "from": [
                4,
                3,
                4
            ],
            "to": [
                6,
                5,
                7
            ],
            "rotation": {
                "angle": 0,
                "axis": "y",
                "origin": [
                    3,
                    3,
                    5
                ]
            },
            "faces": {
                "north": {
                    "uv": [
                        6.5,
                        6.5,
                        7.5,
                        7.5
                    ],
                    "texture": "#0"
                },
                "east": {
                    "uv": [
                        5,
                        2,
                        6.5,
                        3
                    ],
                    "texture": "#0"
                },
                "south": {
                    "uv": [
                        1,
                        7,
                        2,
                        8
                    ],
                    "texture": "#0"
                },
                "west": {
                    "uv": [
                        1,
                        6,
                        2.5,
                        7
                    ],
                    "texture": "#0"
                },
                "up": {
                    "uv": [
                        3.5,
                        7.5,
                        2.5,
                        6
                    ],
                    "texture": "#0"
                },
                "down": {
                    "uv": [
                        7,
                        3,
                        6,
                        4.5
                    ],
                    "texture": "#0"
                }
            }
        },
        {
            "from": [
                11,
                3,
                5
            ],
            "to": [
                12,
                3,
                7
            ],
            "rotation": {
                "angle": 0,
                "axis": "y",
                "origin": [
                    11,
                    3,
                    6
                ]
            },
            "faces": {
                "north": {
                    "uv": [
                        0,
                        0,
                        0.5,
                        0
                    ],
                    "texture": "#0"
                },
                "east": {
                    "uv": [
                        0,
                        0,
                        1,
                        0
                    ],
                    "texture": "#0"
                },
                "south": {
                    "uv": [
                        0,
                        0,
                        0.5,
                        0
                    ],
                    "texture": "#0"
                },
                "west": {
                    "uv": [
                        0,
                        0,
                        1,
                        0
                    ],
                    "texture": "#0"
                },
                "up": {
                    "uv": [
                        9,
                        1.5,
                        8.5,
                        0.5
                    ],
                    "texture": "#0"
                },
                "down": {
                    "uv": [
                        2,
                        8.5,
                        1.5,
                        9.5
                    ],
                    "texture": "#0"
                }
            }
        },
        {
            "from": [
                8,
                3,
                6
            ],
            "to": [
                9,
                3,
                7
            ],
            "rotation": {
                "angle": 0,
                "axis": "y",
                "origin": [
                    8,
                    3,
                    6
                ]
            },
            "faces": {
                "north": {
                    "uv": [
                        0,
                        0,
                        0.5,
                        0
                    ],
                    "texture": "#0"
                },
                "east": {
                    "uv": [
                        0,
                        0,
                        0.5,
                        0
                    ],
                    "texture": "#0"
                },
                "south": {
                    "uv": [
                        0,
                        0,
                        0.5,
                        0
                    ],
                    "texture": "#0"
                },
                "west": {
                    "uv": [
                        0,
                        0,
                        0.5,
                        0
                    ],
                    "texture": "#0"
                },
                "up": {
                    "uv": [
                        9,
                        7.5,
                        8.5,
                        7
                    ],
                    "texture": "#0"
                },
                "down": {
                    "uv": [
                        8,
                        8.5,
                        7.5,
                        9
                    ],
                    "texture": "#0"
                }
            }
        },
        {
            "from": [
                10,
                3,
                9
            ],
            "to": [
                11,
                5,
                11
            ],
            "rotation": {
                "angle": 0,
                "axis": "y",
                "origin": [
                    9,
                    3,
                    9
                ]
            },
            "faces": {
                "north": {
                    "uv": [
                        8.5,
                        1.5,
                        9,
                        2.5
                    ],
                    "texture": "#0"
                },
                "east": {
                    "uv": [
                        7,
                        3,
                        8,
                        4
                    ],
                    "texture": "#0"
                },
                "south": {
                    "uv": [
                        2,
                        8.5,
                        2.5,
                        9.5
                    ],
                    "texture": "#0"
                },
                "west": {
                    "uv": [
                        3.5,
                        7,
                        4.5,
                        8
                    ],
                    "texture": "#0"
                },
                "up": {
                    "uv": [
                        3,
                        9.5,
                        2.5,
                        8.5
                    ],
                    "texture": "#0"
                },
                "down": {
                    "uv": [
                        3.5,
                        8.5,
                        3,
                        9.5
                    ],
                    "texture": "#0"
                }
            }
        }
    ],
    "display": {
        "thirdperson_righthand": {
            "rotation": [
                -128.75,
                0,
                -180
            ],
            "translation": [
                0,
                0.5,
                0.5
            ],
            "scale": [
                0.7,
                0.7,
                0.7
            ]
        },
        "thirdperson_lefthand": {
            "rotation": [
                -128.75,
                0,
                -180
            ],
            "translation": [
                0,
                0.5,
                0.5
            ],
            "scale": [
                0.7,
                0.7,
                0.7
            ]
        },
        "firstperson_righthand": {
            "rotation": [
                1,
                -52,
                4
            ],
            "translation": [
                0.75,
                5,
                0
            ],
            "scale": [
                0.7,
                0.7,
                0.7
            ]
        },
        "firstperson_lefthand": {
            "rotation": [
                1,
                -52,
                4
            ],
            "translation": [
                0.75,
                5,
                0
            ],
            "scale": [
                0.7,
                0.7,
                0.7
            ]
        },
        "ground": {
            "translation": [
                0.5,
                1,
                0
            ],
            "scale": [
                0.7,
                0.7,
                0.7
            ]
        },
        "gui": {
            "rotation": [
                14.76,
                41.22,
                -0.4
            ],
            "translation": [
                0.75,
                3.75,
                0
            ],
            "scale": [
                1.4,
                1.4,
                1.5
            ]
        },
        "head": {
            "rotation": [
                0,
                -180,
                0
            ],
            "translation": [
                -0.5,
                11.5,
                0
            ]
        },
        "fixed": {
            "rotation": [
                0,
                -180,
                0
            ],
            "translation": [
                -1.25,
                3.25,
                -1.25
            ],
            "scale": [
                1.7,
                1.7,
                1.7
            ]
        }
    },
    "groups": [
        {
            "name": "group",
            "origin": [
                9,
                3,
                4
            ],
            "color": 0,
            "children": [
                {
                    "name": "group",
                    "origin": [
                        4,
                        3,
                        10
                    ],
                    "color": 0,
                    "children": [
                        0,
                        1,
                        2,
                        3,
                        4,
                        5,
                        6,
                        7,
                        8,
                        9,
                        10,
                        11,
                        12,
                        13,
                        14,
                        15,
                        16,
                        17,
                        18,
                        19,
                        20,
                        21,
                        22,
                        23,
                        24,
                        25,
                        26,
                        27,
                        28
                    ]
                }
            ]
        }
    ]
}